Rate,Review,Sentiment
5,super,very positive
5,awesome,very positive
3,fair,neutral
1,useless product,very negative
5,highly recommended,very positive
3,nice,neutral
1,unsatisfactory,very negative
4,worth the money,positive
5,great product,very positive
5,mindblowing purchase,very positive
5,brilliant,very positive
5,classy product,very positive
5,must buy,very positive
5,fabulous,very positive
5,worth every penny,very positive
5,just wow,very positive
5,terrific purchase,very positive
5,excellent,very positive
5,terrific,very positive
5,simply awesome,very positive
4,wonderful,positive
2,expected a better product,negative
4,good quality product,positive
3,decent product,neutral
3,very satisfactory,neutral
1,waste of money,very negative
4,good not best,positive
4,does the job,positive
4,pretty good,positive
5,good cooler,very positive
1,worthless,very negative
1,worst experience ever,very negative
5,perfect product,very positive
4,nice product,positive
1,"like an assembled, one can get for 45k cheap quality",very negative
2,not good,negative
4,very good,positive
2,slightly disappointed,negative
1,horrible,very negative
1,very poor,very negative
4,really nice,positive
5,best in the market,very positive
1,absolute rubbish,very negative
3,just okay,neutral
2,bad quality,negative
4,delightful,positive
4,valueformoney,positive
4,good choice,positive
1,hated it,very negative
3,good,neutral
1,terrible product,very negative
1,not recommended at all,very negative
1,did not meet expectations,very negative
2,badly disappointed,negative
1,utterly disappointed,very negative
2,moderate,negative
4,best product and best buy,positive
1,dont waste your money,very negative
3,product is good but huge in size,neutral
2,could be way better,negative
5,must buy cool product,very positive
4,worth the money  desert cooler live up to the name ,positive
5,its not a cooler its ac cooler,very positive
3,ok kind of coolernot effective in hot conditions,neutral
5,awesome cooler,very positive
4,cool cooler for extreme summer heat,positive
4,cools well but the user manual can be improved,positive
5,best cooler ,very positive
5,superexcelleant product,very positive
5,fantastic air cooler in affordable price,very positive
5,ultimate cooler at this price range,very positive
5,a1 worth for every penny,very positive
5,must buy,very positive
5,fab cooler,very positive
4,crompton ozone 75 desert air cooler,positive
1,product changed,very negative
1,item is good but delhivery courier service worst,very negative
1,worst delivery flipkart,very negative
3,aboveaverage product,neutral
5,good product recommended,very positive
2,damaged,negative
3,just good,neutral
4,good product in this price,positive
5,must buygo for it,very positive
2,"working fine, but product quality very cheep",negative
5,excellent product and service by flipkart,very positive
3,not that bad,neutral
3,honest review,neutral
4,supreb product from boat,positive
5,very nice product,very positive
3,not perfect,neutral
4,best in segment by price,positive
5,long lasting product,very positive
4,worth every penny superb,positive
4,for balanced sound,positive
5,good buy go for it,very positive
5,"highly recommendedworth buying,high bass,long battery life",very positive
5,must buy,very positive
4,worth buying,positive
5,"great headphone, got it for rs 1599",very positive
4,good sound bad quality,positive
5,amazing product under 2k,very positive
4,best in this range,positive
5,very good at this price and battery bakcup awsm,very positive
5,amazing product in a very reasonable price,very positive
5,great sound experience,very positive
5,loved it absolutely awesome product,very positive
5,nice product  worth for money,very positive
5,amazing product,very positive
5,this beast is the best,very positive
5,"terrific purchase, indian product, waoo thats great",very positive
4,does the work,positive
5,product worth buying,very positive
5,awesome speaker in this price range,very positive
3,average sound bar,neutral
5,best in the market,very positive
5,value for money,very positive
5,super,very positive
5,mass,very positive
5,nice entry level dslr,very positive
5,awesome dslr camera,very positive
5,ideal for beginners,very positive
1,absolute rubbish waste of money very very bad,very negative
5,good product,very positive
5,good camera for this price range,very positive
5,awesomebest for beginners,very positive
4,good camera kit,positive
4,entry level dslr,positive
1,cheating,very negative
4,good enough,positive
4,delivery was one day late,positive
5,wow,very positive
5,nice camera,very positive
5,best in the market nice product,very positive
4,hindware nevio plus 60 auto clean wall mounted chimney,positive
5,woww product,very positive
5,awesome product but no free installation,very positive
5,very much safisfactory product,very positive
5,good one,very positive
5,awesome both product  service,very positive
5,supar,very positive
4,nice one,positive
5,neptune,very positive
4,good entrylevel product,positive
5,amazing product from ifb,very positive
5,i should have bought it earlier,very positive
5,neptune fx1 dishwasher,very positive
4,nice product for family of 4,positive
5,perfect product,very positive
5,ifb machine works well with fortune detergent ,very positive
4,express delivery in 1 day,positive
5,ifb dishwasher,very positive
5,ifb sx1 nice product,very positive
5,neptune vx dishwasher,very positive
5,highly recommended,very positive
5,great experience with ifb dishwasher,very positive
5,ifb dishwasher amazing product,very positive
5,my dishwasher neptune vx,very positive
5,wonderful product and super saver,very positive
5,value to money smile,very positive
5,superb,very positive
5,"met expectations, clean dishes, low noise, economical",very positive
4,at this price point this the cheaper and durable,positive
5,excellent dishwasher,very positive
4,nice product but installation part was week,positive
2,bad quality dishwasher,negative
5,very good product,very positive
5,"wifes pride, maids envy ",very positive
5,much better than hand wash,very positive
5,excellent product for indian cooking,very positive
5,must kitchen gadget,very positive
5,we got rid of the maid right away ,very positive
1,superb performance for a week,very negative
1,worst experience ever faulty machine  zero response from f,very negative
4,beyond satisfactory,positive
4,does the job almost,positive
5,perfect product awesome dishwasher at affordable cost,very positive
4,ifb dishwasher usage  utility,positive
4,happy wife,positive
5,amazing dishwasher,very positive
5,wonderful product,very positive
5,awesome product,very positive
5,ifb dishwasher neptune vx,very positive
4,you need to shell out another rs 7000 for installation,positive
5,best buy,very positive
5,nice product and perfect product,very positive
4,appropriate size and good quality,positive
5,simply awesomevalue for money product,very positive
1,worst quality  stopped working just after 25 days,very negative
1,cooker brand,very negative
2,length of electrical wire,negative
1,sharp upper edges,very negative
5,good overall,very positive
5,smart kettle,very positive
4,hoping for the best,positive
5,awesomevery good,very positive
"Pigeon Favourite Electric Kettle15 L, Silver, Black","pigeon favourite electric kettle15 l, silver, black",unknown
1,customer support not available,very negative
5,very functional,very positive
1,only 30 mbps transfer speed,very negative
1,dont waste money,very negative
5,excellent and must buy,very positive
5,same as b4,very positive
5,greatmust buy,very positive
4,simply awesome,positive
5,go for it,very positive
5,"recommended, nice product, fast delivery worth for money",very positive
4,the portable harddisk is fine,positive
5,speed better than seagate samsung,very positive
1,shameful act of lying about product features,very negative
1,crashed automatically my life is in danger bcoz of this,very negative
5,bishnu sahibganj jh,very positive
1,cheaper only because of cost cutting,very negative
1,it cost me 15k to get my data recovered dont buy this,very negative
5,great product must buy it,very positive
5,good service,very positive
4,exhauste fan,positive
4,sahi hai,positive
5,"the best fan in the market, you can buy with confidence",very positive
1,not recommended,very negative
5,very good protect must buy,very positive
5,best in class and sturdy for room decoration,very positive
5,"mind blowing machine with all inmixing, chopping, grinding",very positive
5,wow product,very positive
4,super awesome,positive
3,"mixing, grinding, chopping fantastic shredding not so great",neutral
4,one of the best kitchen appliance,positive
4,good decent product and worth the money,positive
5,review,very positive
5,loved it,very positive
1,bad product really disappointed,very negative
1,"terrible product,dont buy",very negative
1,bad quality product,very negative
5,amazingly superb,very positive
5,inalsa,very positive
2,bad service,negative
5,keep it up,very positive
2,flop,negative
5,buget food processor with good quality,very positive
1,overpriced,very negative
2,inalsa is good,negative
1,good so far,very negative
5,gud experience with filpkart,very positive
5,food processor means inalsa,very positive
5,over all good product,very positive
2,met some expectations,negative
5,bajaj fx7 600 w food processor,very positive
5,amazing,very positive
5,superb product by bajaj  superb delivery by flipkart  ,very positive
5,thanks for delivering the product on time,very positive
5,super product delivered in less than 24 hours,very positive
5,food processor,very positive
1,bad product,very negative
5,five stars,very positive
1,poor,very negative
5,need of these days,very positive
4,an investment in health,positive
4,need to check,positive
5,good worth it,very positive
4,very useful product,positive
5,bajaj fx 11,very positive
4,bajaj fx 11 food processor,positive
5,worth it,very positive
5,superb five star product,very positive
5,thank you flipkart,very positive
4,so convenient,positive
4,good product excellent service,positive
1,stopped working in 20 days,very negative
5,bajaj applicance,very positive
3,its not bad,neutral
5,super product,very positive
3,good buy,neutral
5,powerful beast,very positive
4,satisfactory performance bit noisy though,positive
4,a good buy,positive
5,best food processor,very positive
4,nice yaar,positive
5,worried of recieving defective product but thanks to flipkart for replacing it with a brand new model of bajaj fx11 fp,very positive
4,product  delivery was awsome but for demo we have to pay,positive
1,performance of bajaj fx 7,very negative
3,very usefull product,neutral
2,avg quality,negative
5,easy to use,very positive
5,recommended product,very positive
1,damaged product,very negative
4,good product and very fast delivery of flipkart d,positive
5,excellent product as well as delivery service,very positive
3,juicer jar is of no use,neutral
2,cant grind spices,negative
5,loving it,very positive
3,okay product,neutral
1,choppers not good,very negative
1,worst product,very negative
5,i m in love with it,very positive
1,bad too noisy,very negative
5,excellent machine,very positive
4,nice product,positive
5,great product with reliability of bajaj,very positive
5,very usefull buy  will make ur wife happy,very positive
5,life saver,very positive
4,very useful,positive
5,hats off,very positive
1,bajaj food processeor,very negative
3,why is this so overpriced at flipkart,neutral
1,product is not working,very negative
3,over priced at flip kart check out rate in other online stores,neutral
3,where i get the service ,neutral
3,flipkart is brilliant but bajaj is bad,neutral
3,gud quality by bajaj and packing is also very gud by flipkart,neutral
1,worst service from flipkart this time,very negative
2,dont waste your money,negative
5,fabulous till now ,very positive
1,"poor quality, dont waste your money ",very negative
5,top notch product with genuine price,very positive
5,awsome product,very positive
5,inalsa food processor,very positive
3,three stars,neutral
1,one star,very negative
4,good quality and value for money,positive
1,defective product,very negative
5,fantastic product and excellent delivery from flipkart,very positive
4,disappointed,positive
5,superb quality,very positive
5,its what you need in kitchen,very positive
5,kitchen friend,very positive
1,packing itself was in doubtful state not working at all,very negative
5,two stars,very positive
1,worst product and service including service staff,very negative
3,met expectations,neutral
1,feel worst experience,very negative
1,product not working,very negative
4,item looking good but it was not full as describe in detail,positive
1,very bad product,very negative
5,nice food processor,very positive
1,low quality product,very negative
4,the best product for flipkart,positive
5,best for cooking,very positive
5,nice feeling,very positive
5,"does what it says, amazing service from flipkart",very positive
4,"beware, you might get a habits to just ask assistant",positive
4,hidden costs,positive
5,delightful purchase  got bad habit of speaking to assistant,very positive
5,if you have wifi at home then go for it,very positive
5,honest review,very positive
3,buy if you need a small portable wired speaker,neutral
5,cool device,very positive
4,worth the money review on first use,positive
5,a must have gadget for a smart home,very positive
5,fabulousawesome smart home device with display love it,very positive
5,superb value for money product,very positive
1,waste of money bad sound bad mic,very negative
3,not as expected it to be may be upgrade can make it better,neutral
5,excellent product from google,very positive
1,same as google home mni,very negative
2,expected a better product,negative
4,simply ordinary,positive
1,sound is not upto the mark,very negative
1,worthless product,very negative
5,just wow most deserved smart speaker,very positive
1,terrible product from google,very negative
3,decent product  to buy only if you have wifi router at home,neutral
5,meet the expections,very positive
3,only for rich kids,neutral
5,"good genuine product, working as expected",very positive
1,reading is wrong,very negative
1,not suitable for industrial work,very negative
5,timberwood pure leather shoes,very positive
5,super super super,very positive
5,fabulousi,very positive
5,low cost good quality hot water bag,very positive
4,four stars,positive
4,good quality,positive
5,good medicine box,very positive
5,great going,very positive
4,good choice but need to improve delivery lead time,positive
3,dulcet dcd9000x,neutral
4,ok for beginners ,positive
4,a good amp to drive components and basic bass tube,positive
5,good amplifier,very positive
4,the best speakers in this cost,positive
5,awesome at this price,very positive
4,pretty good and worth buying,positive
4,value for money,positive
4,mind blowingsony speaker ,positive
5,good one in this price range,very positive
5,awesome speakers,very positive
5,awesome sound,very positive
4,good for the price,positive
5,dina,very positive
1,so wrong,very negative
5,very good performance,very positive
2,sound boss,negative
3,faced minor issues,neutral
1,worst,very negative
5,the product was amazing worth buying,very positive
5,superb,very positive
5,awesome,very positive
5,great buy,very positive
5,bella vita organic luxury unisex perfume gift,very positive
5,brilliant perfume,very positive
4,quality is good,positive
5,,very positive
5,excellent skater roll and shoe,very positive
5,quality,very positive
5,excellent but its very risky,very positive
4,good qiality skating shoe,positive
5,quality product,very positive
5,excellent and the delivery man was very kind,very positive
5,intelligent design and materials,very positive
5,,very positive
5,lakme kajal,very positive
1,unclear specifications,very negative
5,work the money for every penny,very positive
4,"black color is not good size, fitting and elastic are good",positive
1,absolute rubbish product,very negative
3,not bad,neutral
1,bakwas product,very negative
5,best decided for it,very positive
5,ut7002s26 model is a nononsense bicycleworth buying,very positive
3,good with not so great service,neutral
4,good cycle,positive
1,warranty is fake,very negative
5,very very good product,very positive
5,new one,very positive
3,average ball,neutral
4,good for its price,positive
5,best product  best price  just go for it ,very positive
5,pretty good quality,very positive
5,good for hard ground,very positive
4,awesome but quite hard,positive
1,the ball is no good not recommended,very negative
5,nivia storm football size 5,very positive
4,awesomeðñðóðñðóvalue for moneydouble thumbs up for that,positive
3,"grip,toughness and design",neutral
3,"product rating,",neutral
5,good product,very positive
5,simply awesome excellent go for it,very positive
5,love this product very much,very positive
5,nivia storm football,very positive
5,brilliantly ball,very positive
5,best ball,very positive
4,good football,positive
5,great ball,very positive
4,nice for kids and teens ,positive
4,great,positive
4,tough but not like the pic shown here ,positive
5,best buy for 500,very positive
3,football,neutral
5,good,very positive
5,good ball,very positive
4,rubber will hurt,positive
2,worst football ever good service by flipkart,negative
4,dont buy,positive
1,veryy poor,very negative
1,not for kids below 12 years,very negative
3,very hard n heavy,neutral
2,"1 product quality  2 stars, delivery  5 stars",negative
1,worst football,very negative
2,a first worst product by flipkart,negative
3,different type of football,neutral
5,fantastic,very positive
2,very bad,negative
2,very hard ball,negative
1,very bad quality,very negative
3,not as soft as it appears,neutral
3,sexy design,neutral
5,best ball ever,very positive
1,do not waste yr money on this ,very negative
3,average product,neutral
4,hardground football,positive
1,"very bad,,, not at all suitable for such a nice platform like flipkart",very negative
5,a good ball to buy,very positive
5,world class product at deep discount on big billion day ,very positive
4,good performance,positive
4,just go fot it if you want decent gaming keyboard in budget,positive
3,only one ram slot,neutral
4,best in the budget,positive
5,beast in this range,very positive
5,best laptop ever budget gaming,very positive
4,great purchase,positive
5,the best laptop you could get for 63kjust go for it,very positive
4,good for simple work and medium gaming,positive
5,beast,very positive
5,best choice,very positive
5,it performs great,very positive
5,great deal for a budget gaming laptop,very positive
5,thik hi hai,very positive
1,stops working after return period,very negative
5,best mechanical keyboard under 2000,very positive
4,"good in performance, but need improvement in design",positive
5,excellent laptop,very positive
4,value for money  got it in 61k,positive
5,"terrific, more than i expected",very positive
5,monstrous performance  budget,very positive
5,best product for the price,very positive
5,mid range beast ryzen  i5,very positive
2,"bad quality, drivers faililng within 2 weeks of usage",negative
5,worth every penny,very positive
4,"except for sound and battery, all is good",positive
1,did not meet expectation,very negative
4,best in class,positive
5,mindblowing purchase  just for it,very positive
5,awesome m1 chip air,very positive
5,best buy at this point in time october 2021,very positive
5,an absolute beast,very positive
1,"invoice serial number mismatch issue,apple support rejecting",very negative
5,just go for it,very positive
2,worst camera,negative
4,perfect for video editing but not for general users,positive
5,buy and enjoy,very positive
5,amazing performance,very positive
5,"worth every penny, with next day delivery as promised",very positive
5,one of the best in the market,very positive
5,superb,very positive
5,great laptop,very positive
5,lenovo is the best,very positive
4,delightful product,positive
4,good performance,positive
5,preinstall windows 11,very positive
5,great mixer,very positive
1,great looks mixer but worst designed jars,very negative
5,real performer,very positive
3,good but could have been better,neutral
3,"butterful rapid mixer  just ok product, not excellent ",neutral
5,never you can miss,very positive
5,best ever mixer grinder  recommended  butterfly rocks,very positive
1,worst product ever,very negative
1,west money,very negative
1,damage product delivery and quality is very poor,very negative
1,stopped working in 4 months,very negative
1,"3rd class , cheap product , dont buy",very negative
1,dont waste your moneyworst product,very negative
1,absolute rubbishnot good,very negative
3,reviewing after an year of use,neutral
4,looking good,positive
1,build quality is not good,very negative
1,burning smell,very negative
2,this item is very bad and not useful,negative
1,worst flipkart service,very negative
5,"great product, great service by flipkart",very positive
5,excellent product in the given price range,very positive
5,excellent for the price,very positive
5,nice product and very fast delivery,very positive
4,nice product in this price,positive
5,value of money,very positive
5,best buy,very positive
4,bajaj mixer grinder,positive
4,optimal for small family,positive
4,nice and useful product,positive
5,good product  lowest price ever only  flipkart,very positive
5,nice to see this product in very less rate,very positive
5,best deal in market ,very positive
5,amazing good for its price,very positive
4,bajaj gx 1 mixer grinder,positive
5,amazing product for its price,very positive
4,good stuff with reasonable price only in flipkart,positive
4,"good one, needs more improvement",positive
4,nice product in this price,positive
4,power grinder,positive
4,goodwill,positive
5,nice mixer,very positive
5,very good product in a valuable price,very positive
2,not good gx1,negative
5,good but nothing fancy,very positive
5,excellent product at this price,very positive
1,switch has stopped working,very negative
1,not good product,very negative
1,about product,very negative
1,fine quality,very negative
2,mixer review,negative
4,not worth,positive
1,no 1 worst product,very negative
3,50  50,neutral
1,"really bad product, worst service from flipkart",very negative
5,nice mixer  nice price,very positive
1,"heats up soon, disappointed",very negative
5,great brand  more than 6 years,very positive
1,pls refund the amount and take your machine back,very negative
1,worst experience,very negative
2,economical but poor quality,negative
1,too noisy dont buy full stop,very negative
2,poor product quality,negative
3,bajaj gx1 500 w mixer grinder,neutral
2,seems little low power of motor,negative
1,not expected this product,very negative
4,very good product at reasonable price,positive
5,good for its price,very positive
1,very bad,very negative
5,great deal at this price,very positive
2,came with broken cover,negative
3,bought this for making chutney bt couldnt get max use of it,neutral
2,"the motor is good, but the engineering is terrible",negative
1,poor quality,very negative
2,stopped working after 5 mins,negative
4,good product quick delivery,positive
5,nice do give discount sometime please,very positive
5,good for 20w or below requirement,very positive
5,happy it is working well,very positive
5,perfect product ,very positive
1,unsatisfactory took 11 days to deliver,very negative
5,best and elegant for tabletop,very positive
3,acceptable,neutral
5,economical feature phone with good functionality,very positive
5,best smartphone under 10k,very positive
5,good product and delivery,very positive
5,micro,very positive
5,otg,very positive
4,worth in this price,positive
1,not advisable to buypoor quality,very negative
4,fine,positive
5,working good worth in price,very positive
5,great power bank from mi,very positive
4,good power bank,positive
1,waste of money,very negative
5,excellent product,very positive
1,defective item sent,very negative
5,chepest cardtige,very positive
5,genuine product,very positive
5,a good product,very positive
5,good product if you have guts,very positive
4,canon black ink cartridge,positive
2,alam,negative
4,hp 46 cartridge,positive
1,not detecting in my printer it is too bad,very negative
1,never purchase from rbstore seller,very negative
5,goodgo ahead and orderno issues,very positive
4,worth the moneygood,positive
5,cannon pg47,very positive
1,very less pages,very negative
2,will print maximum 100 pages,negative
1,stop selling this and stop buying this,very negative
1,cheated,very negative
5,canon best always,very positive
3,not so efficient,neutral
4,amazing coloured prints ,positive
5,best to buy from flipkart,very positive
5,cost effective and great quality prints,very positive
5,cartridge delivered  superfast and well packed,very positive
1,hands off flipkart,very negative
1,hp sells ink  head and not printer,very negative
5,excellent service,very positive
5,good seller and genuine ink,very positive
5,good buy a genuine cartridge,very positive
5,"fast shipping, genuine product",very positive
4,a very nice product,positive
5,impressive,very positive
5,works well,very positive
2,"good, but very costly",negative
5,loooong lasting,very positive
5,"great experience, quality and yield",very positive
5,hp 678 black ink cartridge,very positive
5,good,very positive
4,good product,positive
5,best print at low cost  ,very positive
5,vfm cartridge,very positive
5,"flipkart, as good as always",very positive
5,quality product and great service from flipkart,very positive
5,hp combo pack 678 inkjet cartridge,very positive
5,awesome deal,very positive
5,excellent print jobs,very positive
5,good quality product at a great price,very positive
1,hp black 678,very negative
5,no problem with this product,very positive
2,expensive,negative
5,value for money  good product,very positive
2,capacity is too low,negative
5,great product from samsung,very positive
5,wonderful fridge,very positive
4,good choice but bad installation,positive
5,best in class refrigerator,very positive
5,best in the market at this price range,very positive
1,old product and have scratch on face,very negative
2,heating issue,negative
4,nice product,positive
1,low quality,very negative
5,superb,very positive
3,good toy,neutral
5,works best with pppoe type cable internet rj45,very positive
5,"brilliant device with a decent price if you are using any cable broadbandtikona,local cable broadband that do not require a telephone line",very positive
4,works very well as a repeater,positive
5,excellent router compare to tplink tlwr841 n 300,very positive
5,awesome  insane,very positive
4,works excellent,positive
4,almost good,positive
5,dlink,very positive
4,supports win81 and cable broadband,positive
5,great experience,very positive
4,prithvi,positive
4,best router avaiable,positive
5,good router,very positive
5,very good product,very positive
5,shipping was real quick,very positive
5,wireless range is good,very positive
4,upgrade your network,positive
1,really bad product,very negative
5,excellent range,very positive
5,working good and osm speed nice,very positive
4,good working,positive
3,signal is not much strong,neutral
5,best router and ap,very positive
4,liked it,positive
5,awesome deal,very positive
5,good,very positive
5,worth,very positive
4,compare to other router it is really good,positive
4,d link the best,positive
4,best routes,positive
3,the dlink product is good to purchase,neutral
4,dlink dir615 wireless n 300 router,positive
3,not a great product comparing to its price,neutral
3,poor signal,neutral
1,not working,very negative
2,old hardware and old software,negative
5,got a good router after doing a lot of research,very positive
5,very good router,very positive
5,excellent product at reasonable price,very positive
1,this model has issue in wifi,very negative
1,do not buy this router,very negative
3,great build quality  features but unreliable,neutral
5,go for it,very positive
5,easy to setup,very positive
3,issue with range,neutral
5,good purchase,very positive
1,dont waste your money,very negative
4,consistent performer,positive
4,pretty good product,positive
5,good product  enhances range,very positive
4,excellent product with great build quality,positive
5,the best in the class,very positive
5,excellent in terms of compatibility  performance,very positive
5,easy installation and nice product,very positive
5,"good product, but doesnt work out of box if your main router is tplink",very positive
5,performs what it was designed for,very positive
3,dont buy this if you are on high speed internet connection,neutral
5,its good,very positive
2,good product in repeating wifi but not the speed of host net,negative
5,happy with it,very positive
5,great product and giving consistent 300mbps using jio fiber,very positive
5,awesome product and good styling,very positive
5,"versatile, simple and a performer",very positive
5,best product thanks flipkart,very positive
5,best buy perfect for daily needs,very positive
5,best buy for a beginner,very positive
5,wow  excellent demo by singer in person even in covid times,very positive
5,"excellent, works well",very positive
5,very much satisfied with the product,very positive
4,good and easy to use,positive
2,faulty at times multiple needles broke,negative
5,best sewing machine,very positive
5,must buy working as designed and as described,very positive
5,really great product,very positive
5,excellent  supernb,very positive
5,nice product by singer,very positive
5,excellent product user friendly,very positive
5,very good product price increased now,very positive
4,very goodreat product,positive
5,a quality product,very positive
5,best sewing machine,very positive
5,affordable price with good features and quality,very positive
5,"best in its class, borderless with ips panel",very positive
1,"useless product, worst",very negative
5,terrific product for the price,very positive
5,nice tv,very positive
3,good tv for price but needs improvement,neutral
1,hated it this tv has issues with connecting to wifi ,very negative
1,worst installlation service provided,very negative
4,"really nice, value for money",positive
5,terrific purchase considering the price point ,very positive
4,worth money,positive
4,good quality and valueformoney,positive
4,value for money product,positive
2,bad clarity,negative
5,want to buy a budget tvthis is the right choice for fhd,very positive
5,internet is not working properly,very positive
4,good tv  now 4k option makes more sense,positive
3,6 months usage review,neutral
5,just wow my parents are loving it,very positive
5,"nice picture, good sound and really smart tv",very positive
5,good choice,very positive
3,okay tv,neutral
3,"good product, not great",neutral
5,wow product if you want to see your own dreams in this tv,very positive
4,worth the price  room for improvement and software upgrade,positive
5,must buy its awesome excellent features,very positive
5,monster ,very positive
4,vfm  primarily designed to move away from cable,positive
5,good product in budget,very positive
5,a wonderful product,very positive
3,not a full smart tv,neutral
4,picture settings not getting applied to hdmi  av input,positive
5,wise deal for the price,very positive
4,excellent buy at the affordable cost,positive
4,careful to opt exchange,positive
5,"fabulous product with lot of features, yet within the budget",very positive
4,mi means trust from now on,positive
1,improper sync between audio and videoaudio is being delayed,very negative
5,marvelous,very positive
5,best in the market go for it,very positive
4,really nice product,positive
2,not starting after 1 month after purchage,negative
1,"worst, pure chinese product, never waste your hard earned rs",very negative
4,ok for the price,positive
1,very very bad and worthless tv and i feel bad service tv,very negative
5,must buy if planning to buy,very positive
4,mi tv,positive
4,good for the price,positive
5,mind blowing purchase,very positive
4,fantastic,positive
3,tv review,neutral
1,"very bad product , dont buy this",very negative
4,the best regular tv for a nonsmart experience,positive
1,horrible brand panel gone in 18 months,very negative
3,just okaytv is good but delivery guy behavior was not good,neutral
5,execllent,very positive
5,easy to carry around and have a rich sound signature,very positive
5,super melodious and crisp sound,very positive
5,awesome soundbar,very positive
5,i love it,very positive
5,great value,very positive
3,recamended product,neutral
1,full disappointed ðòðâ°ðó®ðó®ðó®ðð,very negative
5,awesome bass loved it,very positive
3,boat soundbar,neutral
5,awesome ,very positive
5,worth every pennyvery good product,very positive
5,great bluetooth speakers,very positive
5,high class speakers,very positive
5,great product,very positive
4,quality product from philips,positive
5,satisfied,very positive
5,better than expected,very positive
3,sound over bluetooth cracks sometimes,neutral
5,works perfectly with crt tv no better option than this,very positive
3,not fixed on tv hdmi slot due to unavailability of space,neutral
2,"risky investmentfull of bugs, lags  hangs",negative
3,a good handy 4k media streamer with few problems,neutral
5,its good but comes with few caveats,very positive
2,"not good if display device is a monitors, no seperate audio",negative
5,another nice google product,very positive
5,excellent product,very positive
5,really recommended and works great,very positive
5,good product and easy setup,very positive
5,literally life changing,very positive
5,worth every dime,very positive
5,"highly recommended, amazing product by google",very positive
4,working fine with bsnl 3g,positive
3,"great product, but made in china false info by flipkart",neutral
1,not recommended at allused product,very negative
3,"great product, horrible service",neutral
1,worst than expected,very negative
1,worst experience ever do not buy,very negative
1,hated itsecond hand box received,very negative
4,catvision settop box,positive
4,good alternative to fire tv stick,positive
5,box,very positive
3,poor value for money,neutral
4,flipkarts service is very good and satisfactory,positive
5,powerful suction,very positive
5,affordable as well as very very portable vacuum cleaner,very positive
5,go ahead and buy,very positive
5,excellent must buy,very positive
5,excellent product from agaro,very positive
5,best one in this price range,very positive
5,the product is best for cleaning your home,very positive
4,a nice product,positive
4,nice trendy and easy to carry,positive
5,pretty cool product,very positive
5,economic and easy to operate recommended ,very positive
2,rubbish,negative
3,eureka forbes trendy zip dry vacuum cleaner,neutral
1,utterly disappointed ,very negative
4,"descent product quite good, not the best",positive
3,just okay yes,neutral
1,2 weeks still no installation,very negative
4,"was initially skeptical on new brand, worth a shot",positive
5,awesome product within this price range,very positive
5,this is early review will update later,very positive
3,insurance more charges paid ,neutral
4,good and vaule for money,positive
1,not at its brand level,very negative
2,choose another washing machine better if you choose samsung,negative
4,good product at really low price,positive
5,5 star product,very positive
3,good product but charges for installation and pipes,neutral
5,must buy its an excellent product,very positive
1,worst and useless without installation,very negative
3,but only if you want a terrible installation experience,neutral
1,utterly disspointed with taste,very negative
5,excellent water purifier,very positive
3,marketing tacticsnothing special,neutral
5,best in the market have a look at description for details,very positive
5,great product,very positive
5,good quality water filter,very positive
4,excellent service from flipkart,positive
5,the power of livpure pep pro technology is most innovative,very positive
4,the best for the price range in the market,positive
4,"timely delivery , next day installation a top class service",positive
5,awesome product,very positive
5,best in the class,very positive
5,best in the market  superb  purifier,very positive
3,good machine but hidden cost not mention,neutral
2,bad product with poor quality materials,negative
5,worth every penny  brilliant,very positive
4,a good water purifier in budget with good aftersale service,positive
4,great product value for money,positive
4,good machine but their outsourced service will cheat you,positive
5,nyc product,very positive
3,not a premium product,neutral
5,a product that put a smile on my face,very positive
5,go for it without any second thoughts,very positive
5,nice product with free installation service,very positive
5,fabulous product,very positive
4,product is proportionate to the cost,positive
5,best among the water purifiers in this segment,very positive
5,seamless buy  installation,very positive
5,this product is very good and taste enhancer works perfect,very positive
5,quality service at best price,very positive
4,cheated by flipkart on price,positive
4,best water purifier in this price range,positive
5,product  1010,very positive
5,fair enough,very positive
5,product is awsm and service is worse,very positive
5,good productbut bad service by flipkart,very positive
5,best ro within range,very positive
5,nice product,very positive
5,super great deal and quality,very positive
4,best aqua guard at affordable price,positive
5,good deal,very positive
5,best product  worth buying,very positive
5,sasta roye ek bar,very positive
5,livepure pep pro 7l ro,very positive
5,water purifier,very positive
1,product quality issues,very negative
5,go fot it ,very positive
4,one word go for livpure,positive
5,awesome product with quick delivery,very positive
5,best product,very positive
2,not great,negative
5,excellent and value for money wet grinder,very positive
3,not a good design,neutral
5,happy with product,very positive
5,nice product from flipkart,very positive
5,wonderful product and quick delivery,very positive
3,okay,neutral
5,it is very good product,very positive
5,all in one,very positive
5,good choice for a busy household,very positive
5,"look classy, elegant, convenient with timer",very positive
4,perfect product and ideal,positive
5,the best at the price point,very positive
5,easy to grind,very positive
5,good grinder,very positive
5,grind to your hearts content,very positive
2,bad choice,negative
5,kent aura is a really good product,very positive
5,best air purifier,very positive
5,suitable for polluted delhi,very positive
5,best,very positive
4,"good product, but manual is misleading about 3 filters",positive
5,good investment for people living in polluted environment,very positive
5,very nice product at this price,very positive
5,effective and good valueformoney,very positive
5,great budget buy,very positive
1,bad product  absolutely painful service,very negative
2,product and customer service should both be good  beware,negative
5,awesome product,very positive
3,i suppose it is too early to form an opinion,neutral
2,doesnt serve its purpose,negative
5,best in its class,very positive
1,mi no service for air purifier,very negative
4,complete review,positive
5,the best purifier for small spaces,very positive
5,mi air purifier 2,very positive
4,xiaomi air filter,positive
5,difference in air quality is palpable,very positive
5,exactly does what it says,very positive
4,"good vaue for money, just a few areas of improvement",positive
5,good product at good price,very positive
5,writing after a year,very positive
5,great product and commendable service by flipkart,very positive
5,good product for that price,very positive
4,useful product,positive
5,fabulous air purifier,very positive
5,absolutely best,very positive
5,a really essential product at a very affordable price,very positive
3,simple yet complex,neutral
3,good product but occupies space,neutral
5,great product at an awesome price,very positive
5,nice air purifier,very positive
4,good till now,positive
5,worth the price super product,very positive
3,the good and the bad,neutral
5,amazing value for money,very positive
5,best in segment,very positive
1,not working faulty aqi rating in app,very negative
5,best for ppl with dust allergy,very positive
4,worried about replacement filters,positive
4,thanks mi to bring the price down to some realistic levels,positive
5,must buy worth a try,very positive
5,great purifier,very positive
1,biggest mistake of my life,very negative
5,great product great service from flipkart,very positive
5,i can certainly feel the difference in air quality,very positive
1,no warranty just fooling customer,very negative
1,bad customer care ever,very negative
1,fake purifier,very negative
5,great product and good app interface,very positive
1,i am not happy,very negative
1,app is crap,very negative
5,awesome purchase,very positive
5,nice product happy with it,very positive
5,excellent service support,very positive
5,very nice,very positive
4,air purifier,positive
1,got defective piece,very negative
5,worth its price,very positive
5,excellent product,very positive
4,vfm,positive
5,clears even cigarette smoke handily amazing,very positive
5,best air purifier for large sized rooms,very positive
5,wonderful product,very positive
5,awsome,very positive
5,cost worthy,very positive
4,decent product,positive
5,works pretty fast,very positive
5,mi2airpurifier,very positive
1,came unsealed,very negative
1,bad service from flipkart,very negative
2,i am giving 2 stars because the seal was broken,negative
1,unable to find replacement filter online,very negative
5,excellent product,very positive
4,above average performance,positive
2,other than auto rotating its good for nothing,negative
1,average quality and size of item dont match per description,very negative
5,not specified,very positive
5,excellent racket,very positive
4,im happy,positive
5,classy,very positive
3,good brand at a reasonable price,neutral
4,good for this price,positive
5,terrific  smash,very positive
4,suitable for lightweight stuff,positive
5,great product for offered price,very positive
5,haresh,very positive
1,not reliable and bad quality product,very negative
5,recommended,very positive
5,just go for it,very positive
3,looks superb but not good for blocking light,neutral
5,just wow great product,very positive
4,good quality for rs200,positive
2,highly priced for the kind of stuff offered,negative
2,ok for unbreakable stuff,negative
3,average,neutral
5,awesome,very positive
5,good quality floor mat,very positive
5,good clock,very positive
5,super products,very positive
5,"i love flipkart,this soldring iron is best",very positive
5,excellent quality at a low price,very positive
5,superb product,very positive
4,very sleep and sharp,positive
1,"poor quality fit and finish, water leaks",very negative
3,bahut achcha hai,neutral
2,5 months only,negative
1,micro tech invetor,very negative
5,microtek,very positive
5,inverter,very positive
5,happy to purchase,very positive
1,30 hrs to charge 150 ah battery,very negative
4,vguard,positive
5,good choice always,very positive
5,excellent better than su kam,very positive
5,8 hrs backup for what capacity battery,very positive
3,inverter making noise very irritating,neutral
4,feedback,positive
5,microtek ups sw eb1100 pure sine wave inverter pure sine wav,very positive
5,,very positive
5,ff,very positive
1,stop working with in one month of usage,very negative
4,price value,positive
5,great inverter,very positive
3,one of the best inverter,neutral
4,"a good, reliable, sine wave invertor",positive
3,in 5 days the item stopped working,neutral
1,"not working,misguiding rating",very negative
1,wrost product,very negative
1,very bad quality in just 1 month the inverter is dead,very negative
5,smart inverter,very positive
1,worst steamer,very negative
5,awesome purchase at this price,very positive
4,good product but not best,positive
4,budget one,positive
5,best choice dryiron for hostel andor pg students,very positive
5,excellent iron box for cheap price,very positive
4,bajaj dx 2 lw 600,positive
4,awesome,positive
5,decent,very positive
4,product is good for under 500 rupees,positive
5,superb product for singles,very positive
5,good choice for singles,very positive
1,dont buy,very negative
4,worthy,positive
5,review after 1 and half years,very positive
5,value for the money,very positive
Bajaj DX 2 LW Dry Iron,bajaj dx 2 lw dry iron,unknown
Nova Plus Amaze NI 10 1100 W Dry IronÃÂ¿ÃÂ¿Grey  Turquoise,nova plus amaze ni 10 1100 w dry ironãâ¿ãâ¿grey  turquoise,unknown
5,great productwith this price range,very positive
5,best juicer,very positive
3,fast delivery,neutral
2,avg product,negative
5,compact,very positive
5,great product ,very positive
5,gorgeous juicer that works wonders,very positive
5,so little juice and so much of waste,very positive
3,best but not worth in this range,neutral
5,its simple and superb,very positive
5,juicer,very positive
5,awesome juicer from philips,very positive
5,excellent juicer,very positive
5,100 satisfied from the product,very positive
5,9838797786,very positive
5,excellent product by philips,very positive
5,"best quality, easy to use 100 satisfaction",very positive
5,issa vibe,very positive
5,far better juicer in comparison to other,very positive
4,over all good ,positive
5,nyc one product from philips,very positive
5,philips hr 1832,very positive
5,thank u filipkart,very positive
5,good juicer,very positive
5,perfect juicer for vegetables and fruits,very positive
5,awesome juicer value for money,very positive
4,worth for money,positive
5,awesome design and easy to use and clean,very positive
4,its okay,positive
5,fantastic juicer,very positive
5,great in style juices like a boss,very positive
5,great juicer easy to handle,very positive
4,convinient product,positive
1,part missing,very negative
1,incomplete item received,very negative
1,dont buy this it will stop working on 11th day,very negative
5,mind blowing,very positive
4,delightful and nice to have this product,positive
1,very bad it got burnt from the inside after 2 times,very negative
5,good juicer with satisfactory build quality,very positive
5,neat design and good outcome,very positive
5,nice juicer for health concise people,very positive
3,purchased the product on 24th got delivered on 30th septembe,neutral
5,wonderful excellent,very positive
5,amazing product,very positive
5,brilliant must have product in kitchen,very positive
5,awesomenice,very positive
5,nice juicer,very positive
5,"compact, value for money",very positive
4,happy with the product and flipcart service,positive
5,go for it ,very positive
5,this is the real thermos,very positive
5,awesome thermostat water bottle with longer capability,very positive
2,regular usage not good,negative
5,genunie product worth the money,very positive
3,bad delivery person,neutral
5,easy to clean and good to use,very positive
5,nice flask,very positive
2,not worth the price,negative
4,wonderful milton no1 brond superb,positive
5,classy product for gifting,very positive
3,just okay okay,neutral
5,wonderful i highly recommend,very positive
4,strong but height is too short for tv base,positive
1,not recommended at all  worst product cheap quality,very negative
5,best product and service,very positive
5,great deal and awesome service by flipkart,very positive
5,good look,very positive
4,"good looks, good installation service, but weak material",positive
5,its awesome ,very positive
5,amazing,very positive
5,worthy enough for all the promises made,very positive
3,kinda disapointed,neutral
3,not as described on the site but no issues with the quality,neutral
4,great microwave,positive
5,ifb is far superior than other brands,very positive
4,priced good,positive
4,gud product hatsoff to flipkart,positive
5,excellent product,very positive
5,best of microwave oven at this price range,very positive
5,"good oven, got it at discounted price",very positive
4,nice convention microwave oven 8000,positive
5,great product as expected,very positive
5,good product with reasonable price,very positive
5,worth deal,very positive
4,good product and good delivery service,positive
5,2 thumbs up ,very positive
5,mindblowing purchase good product and quality,very positive
5,wait for the better price if you are not in a hurry,very positive
5,very good microwave oven,very positive
5,awesome buy  value for money,very positive
5,best product in best price,very positive
5,great product worth the price tag,very positive
5,one of the best buy from flipkart,very positive
4,good product under budget,positive
5,greate microwave form ifb  go for it ,very positive
4,worth each penny,positive
4,its good to have one like this ,positive
4,best option on this price,positive
5,good price excellent product,very positive
5,best microwave oven,very positive
4,nice product from ifb,positive
5,flipkart the best,very positive
5,every penny worth for this product awesome product  awesome,very positive
4,nice product at awesome price,positive
5,excellent product from ifb  timely shipping from flipkart,very positive
5,its a great buy,very positive
3,"overall average product, but built quality could have been better",neutral
5,ifb doesnt need any quality clarification,very positive
4,poor installation  demo,positive
1,hard time following up with flipkart for the installation and demo of the ifb microwave,very negative
5,after using for 3 weeks,very positive
4,product is goodseller is cheatingflipkart service too slow,positive
4,good product,positive
5,awesome same as explained,very positive
5,excellent product extremely quick delivery,very positive
5,no technical person provided,very positive
4,does its job,positive
4,lg 20 l solo microwave oven is really good,positive
5,very nice solo microwave,very positive
5,great for the price,very positive
4,overall,positive
4,micro owen,positive
5,nice and superb,very positive
5,good and worthful,very positive
5,flipkart  truly great,very positive
1,availability,very negative
5,perfect near the dinner table of a small family,very positive
5,good product at great price,very positive
5,awesome for the price,very positive
5,bajaj solo microwave is a great product,very positive
4,good product value for money,positive
5,awesome microwave with best price,very positive
5,"best,m happy with it",very positive
5,a good gift ,very positive
5,great seller,very positive
4,nice buy for a family of 4,positive
5,good product for great price,very positive
5,amazing product at cheap price,very positive
4,a good product but switch gets stuck most of the time ,positive
5,decent microwave,very positive
4,daily usage,positive
5,just go for it its worth of money,very positive
5,awwwwwwwwsome ãâ°ãå¸ãâãå,very positive
5,smart microwave,very positive
4,best one at this price range,positive
5,reliable and easy to use very good job bajaj,very positive
5,nice product at a superb price,very positive
5,"simple , value for money",very positive
4,using this for the last 4 months,positive
5,good delivery and product,very positive
4,good basic microwave oven,positive
3,door is bad,neutral
3,good item but only for warming the food,neutral
4,kitchen mate,positive
3,good product at this price point ,neutral
5,value for money,very positive
5,good product for the price,very positive
3,bajaj 1701mt 17 l solo microwave oven,neutral
5,a third hand for my mom,very positive
5,great microwave,very positive
4,very good product with this price,positive
5,wonderful little microwave,very positive
3,basic appliance for reheating body heats up in 10mins,neutral
5,nice,very positive
4,a perfect deepawali gift for my mom,positive
5,perfect solo mw for solely reheating,very positive
5,little wonder,very positive
5,excellent solo microwave  perfect size  perfect price,very positive
4,decent quality,positive
4,great product but no demo organized,positive
4,its wonderful but,positive
5,perfect for a small home,very positive
4,beautiful design ,positive
4,satisfied,positive
4,samsung 23 l solo microwave oven,positive
4,works as expected,positive
5,good furniture,very positive
4,thanks,positive
4,pretty good but non steady due to length mismatch of legs,positive
5,"big, sturdy, worth the price",very positive
4,good product but check for tape at any part of table,positive
1,"not very sturdy, low height",very negative
3,so so product,neutral
5,fabulous,very positive
4,study table,positive
5,"easy to assemble, super comfortable",very positive
5,perfect product can recommend to others,very positive
5,work table for office,very positive
5,very nice and sturdy product,very positive
5,"worth every penny, just got for it",very positive
4,sturdy table,positive
2,"not diy, buy at your own discretion",negative
5,quality and value for money,very positive
5,good camera by hero,very positive
5,excellent product from qubo,very positive
5,super performance,very positive
5,great camera and awesome pan feature,very positive
5,good 360 rotation product,very positive
5,amazing camera,very positive
5,ptz camera,very positive
5,good camera from qubo,very positive
5,satisfied with the camera,very positive
5,good experience,very positive
5,good product by hero,very positive
5,good set of features,very positive
5,mindblowing purchase at this price point,very positive
5,eseti am happy,very positive
5,ultimate security,very positive
4,good security for pc,positive
3,"good set, safely packed, but really small bowls",neutral
2,received broken plate and bowl,negative
5,all good,very positive
5,"awesomenice prodect ,,",very positive
5,super good product,very positive
5,awesome daily use crockery,very positive
5,good quality dinner set,very positive
5,good quality product and good option for some one gift,very positive
5,product looking very nice  strong quality,very positive
